svi_q,accuracy,f1_weighted,recall_severe,dp_ratio,eo_diff
Q1 (Low),0.18796992481203006,0.22579426380475096,0.0,0.0,0.6288659793814433
Q2,0.6324786324786325,0.6664905568195699,0.0,0.0,0.6288659793814433
Q3,0.6041666666666666,0.5803349933784717,0.125,0.0,0.6288659793814433
Q4 (High),0.29245283018867924,0.34290540540540543,0.4444444444444444,0.0,0.6288659793814433
__overall__,0.434,0.4931574856998375,0.1388888888888889,0.0,0.6288659793814433
